filename	full_path	bytes	created	modified	sha256	kind
V64-from-commit-0293ff4.sql	C:\Users\elbur\AppData\Local\Temp\gypport\shared-dev-backups\V64-from-commit-0293ff4.sql	7568	2026-09-17T20:02:12	2026-09-17T20:02:12	95dc6f57abf5609c198634c1fb036682d4cd512af0a9c06cc272338992c5fd21	MIGRATION_SOURCE_COPY
V65-from-commit-5eed5d6.sql	C:\Users\elbur\AppData\Local\Temp\gypport\shared-dev-backups\V65-from-commit-5eed5d6.sql	5614	2026-09-17T22:25:34	2026-09-17T22:25:35	8ed3c20b1b45af4f832623992882612f4fe78d8327b31d8cb3a90a245e1962b4	MIGRATION_SOURCE_COPY
core_business_dev-pre-v64-20260917T200210.sql	C:\Users\elbur\AppData\Local\Temp\gypport\shared-dev-backups\core_business_dev-pre-v64-20260917T200210.sql	1011872	2026-09-17T20:02:10	2026-09-17T20:02:11	0f5fbd0ee6c2e7815d57a95c4a1947e7d06ce0bce41977a13aeb95bdab2505b1	DATABASE_DUMP
core_business_dev-pre-v65-20260917T222529.sql	C:\Users\elbur\AppData\Local\Temp\gypport\shared-dev-backups\core_business_dev-pre-v65-20260917T222529.sql	1068711	2026-09-17T22:25:29	2026-09-17T22:25:32	ffd4abb7674f5a4f268bad0198016cdfc62bd7ea7151326d84c7796e3263482e	DATABASE_DUMP
post-migration-checksums.txt	C:\Users\elbur\AppData\Local\Temp\gypport\shared-dev-backups\post-migration-checksums.txt	285	2026-09-17T20:08:54	2026-09-17T20:08:54	7c201655f253658ccc544f7044f38a51325629cf51d106a9720f826c84e039b9	COMPANION_METADATA
post-v65-checksums.txt	C:\Users\elbur\AppData\Local\Temp\gypport\shared-dev-backups\post-v65-checksums.txt	283	2026-09-17T22:31:27	2026-09-17T22:31:28	9889f175c5d0ddc935ca3c4258d16733a6d2b5c2287309d0b0866aa9d585fc10	COMPANION_METADATA
pre-migration-checksums.txt	C:\Users\elbur\AppData\Local\Temp\gypport\shared-dev-backups\pre-migration-checksums.txt	285	2026-09-17T20:01:34	2026-09-17T20:01:35	7c201655f253658ccc544f7044f38a51325629cf51d106a9720f826c84e039b9	COMPANION_METADATA
pre-v65-business-numbers.md5	C:\Users\elbur\AppData\Local\Temp\gypport\shared-dev-backups\pre-v65-business-numbers.md5	33	2026-09-17T22:27:36	2026-09-17T22:27:37	9d65384338e1a123c14ee279e134e94f7990d76da07538080c859930722a409e	COMPANION_METADATA
pre-v65-checksums.txt	C:\Users\elbur\AppData\Local\Temp\gypport\shared-dev-backups\pre-v65-checksums.txt	283	2026-09-17T22:27:31	2026-09-17T22:27:35	9889f175c5d0ddc935ca3c4258d16733a6d2b5c2287309d0b0866aa9d585fc10	COMPANION_METADATA
preflight-20260917T200210.txt	C:\Users\elbur\AppData\Local\Temp\gypport\shared-dev-backups\preflight-20260917T200210.txt	1110	2026-09-17T20:02:10	2026-09-17T20:02:36	93d2cc57a17f1684601e15691ad34a0129dc30dbca56fce357d19feed7ee10f5	COMPANION_METADATA
preflight-20260917T222529.txt	C:\Users\elbur\AppData\Local\Temp\gypport\shared-dev-backups\preflight-20260917T222529.txt	1138	2026-09-17T22:25:29	2026-09-17T22:27:15	3291dc54119e749b4d73b0403ba2b76158e95b532915c1798258cba2caaffb19	COMPANION_METADATA
