PATH	PRE_STAGE_WORKTREE_SHA256	STAGED_BLOB_SHA256	NORMALIZATION	WORKTREE_BYTES	BLOB_BYTES
gm-ai-boxghost/tracks/GM-EXPENSES-RELEASE-READINESS/evidence/SHARED-DEV-DEPLOYMENT-18-2026-09-17/recovered-from-restricted/evidence/build/logs/gm-entities.log	cd5682a9aaac61aed1c663b46abd52222c67ebd923e2ff3f7756a390543d31ec	ab110a6d0c473dbf15febf4d6b2f686b6744d1709bde6ad0b67e440734798f6c	CRLF_TO_LF	3019	2981
gm-ai-boxghost/tracks/GM-EXPENSES-RELEASE-READINESS/evidence/SHARED-DEV-DEPLOYMENT-18-2026-09-17/recovered-from-restricted/evidence/build/logs/gm-expenses.log	ed77ec5c087cdb2741a2a9da0f4e2a74754e70664d5d7140d7ab64a433beadc1	398896bd434ab40de2e028604ebf7b88f943c2555698104058db016523a0bc46	CRLF_TO_LF	24024	23809
gm-ai-boxghost/tracks/GM-EXPENSES-RELEASE-READINESS/evidence/SHARED-DEV-DEPLOYMENT-18-2026-09-17/recovered-from-restricted/evidence/build/logs/gm-fleets.log	0ad4fb035fb8066ae4164ce7def335f5de9a728626a2e340fcde2335339588bf	08429bd5a5ee4fa3d17deca81fe581be950e09081a250ef4829b78aa9ae072d9	CRLF_TO_LF	2979	2941
gm-ai-boxghost/tracks/GM-EXPENSES-RELEASE-READINESS/evidence/SHARED-DEV-DEPLOYMENT-18-2026-09-17/recovered-from-restricted/evidence/build/logs/gm-fuel-stations.log	8f964e8e7f109adfd17027915d740b5d5f48b78ac1cc8f6fdb945194073a154c	bf7270e9935caa381f89c6b8a6d3c630ba555a15e4d01ecab90421c3d392bddd	CRLF_TO_LF	3120	3082
gm-ai-boxghost/tracks/GM-EXPENSES-RELEASE-READINESS/evidence/SHARED-DEV-DEPLOYMENT-18-2026-09-17/recovered-from-restricted/evidence/build/logs/gm-human-resources.log	33d2f24f017fc1114d995fd4c158d7a3a5c923d0aecb1581787a1896486c7a73	2f05111ad1fcf6f6d2b01c3d64701f053fc9dbdfc5bca6e9f34deeb6ab2020bc	CRLF_TO_LF	3158	3120
gm-ai-boxghost/tracks/GM-EXPENSES-RELEASE-READINESS/evidence/SHARED-DEV-DEPLOYMENT-18-2026-09-17/recovered-from-restricted/evidence/build/logs/gm-organizations.log	829d6d8ebbd1aa11fc0473e15ae0efcf1c4ee6a13643f12d4882f830a6ac21fc	0e8cf933664671ce933f1427a98c557f0819e4a8c7c067d4f44567d8848f5e18	CRLF_TO_LF	3118	3080
gm-ai-boxghost/tracks/GM-EXPENSES-RELEASE-READINESS/evidence/SHARED-DEV-DEPLOYMENT-18-2026-09-17/recovered-from-restricted/evidence/build/logs/gm-security.log	d11be8cfc85891abcfb892b196d2dacc94248a2945f825e0d4eedbac5e5aae04	1ced3566d5d26665e5278ca9383abd226e6a03b2a9a1adcd08a9bb749f1de485	CRLF_TO_LF	3925	3885
gm-ai-boxghost/tracks/GM-EXPENSES-RELEASE-READINESS/evidence/SHARED-DEV-DEPLOYMENT-18-2026-09-17/recovered-from-restricted/evidence/build/logs/host.log	a33e6069721604390c9a1fb56f3a9cb89ad754e0cefceb463c0437232dc64318	8f45584ddd0e02f2734a19814930bf07ddf5cdb80dc4738ef29f163d9b758a73	CRLF_TO_LF	5541	5478
gm-ai-boxghost/tracks/GM-EXPENSES-RELEASE-READINESS/evidence/SHARED-DEV-DEPLOYMENT-18-2026-09-17/recovered-from-restricted/evidence/db/post-expenses-columns.json	5357d4155ffc656b34dd07b304a600e78c0706880ba037b5d0dfb46883e51f3e	084a19f57f8e324891274c244dc5621aae38561289004e5fa294238c2bae7059	CRLF_TO_LF	7819	7475
gm-ai-boxghost/tracks/GM-EXPENSES-RELEASE-READINESS/evidence/SHARED-DEV-DEPLOYMENT-18-2026-09-17/recovered-from-restricted/evidence/db/postsmoke-expenses-columns.json	5357d4155ffc656b34dd07b304a600e78c0706880ba037b5d0dfb46883e51f3e	084a19f57f8e324891274c244dc5621aae38561289004e5fa294238c2bae7059	CRLF_TO_LF	7819	7475
gm-ai-boxghost/tracks/GM-EXPENSES-RELEASE-READINESS/evidence/SHARED-DEV-DEPLOYMENT-18-2026-09-17/recovered-from-restricted/evidence/db/pre-expenses-columns.json	51fa383337873dea85a61a878399e28d7415cb904d4dbb7344abd9ea28a59f81	2f82938dd08667b19c734d7f1a619ef23b4853d51397397342a32a089c643afc	CRLF_TO_LF	7755	7413
gm-ai-boxghost/tracks/GM-EXPENSES-RELEASE-READINESS/evidence/SHARED-DEV-DEPLOYMENT-18-2026-09-17/recovered-from-restricted/evidence/db/restore-expenses-columns.json	51fa383337873dea85a61a878399e28d7415cb904d4dbb7344abd9ea28a59f81	2f82938dd08667b19c734d7f1a619ef23b4853d51397397342a32a089c643afc	CRLF_TO_LF	7755	7413
gm-ai-boxghost/tracks/GM-EXPENSES-RELEASE-READINESS/evidence/SHARED-DEV-DEPLOYMENT-18-2026-09-17/recovered-from-restricted/evidence/deploy/old-backend-container-nonsecret.json	db16d8ddf446aa893ef8e5d5283d9a18613e0f0afb098b15131f26abd4c344af	5534ac226b37de56cc00d4461f400c37e9f665d873c3cc1809d7a4c3a3d86811	CRLF_TO_LF	1978	1916
gm-ai-boxghost/tracks/GM-EXPENSES-RELEASE-READINESS/evidence/SHARED-DEV-DEPLOYMENT-18-2026-09-17/recovered-from-restricted/evidence/evidence/backup-verify.txt	46d3bbf91566856c7f928fac3a3a34c43cbe84340704f5328b26a4ee5752db7a	d8095278fb12fff08d6c06eecc1c50a47430cadcb036cc9cefcc8fee400e47d3	CRLF_TO_LF	846	834
gm-ai-boxghost/tracks/GM-EXPENSES-RELEASE-READINESS/evidence/SHARED-DEV-DEPLOYMENT-18-2026-09-17/recovered-from-restricted/evidence/smoke/s18-runtime-smoke-results.txt	c52b1d6af27556d3166751c604ef68449f4cbedf360e74dc6f37d014bbecf12a	f8eb1e77c4171632e9b1a6236f60a0fc32b9720159379491a80356a20270cbd0	CRLF_TO_LF	5554	5515
gm-ai-boxghost/tracks/GM-EXPENSES-RELEASE-READINESS/evidence/SHARED-DEV-DEPLOYMENT-18-2026-09-17/recovered-from-restricted/evidence/smoke/s18-smoke-ids.json	b8618bbbc1849de1588b65b961b94cef1b7c3677b940b108b0f40f5eef7176ef	84a588dfbfa41fa43a85e3893de3e0f17de3fb01cb71a1a0ab9d66ed97884a38	CRLF_TO_LF	2328	2308
gm-ai-boxghost/tracks/GM-EXPENSES-RELEASE-READINESS/evidence/SHARED-DEV-DEPLOYMENT-18-2026-09-17/recovered-from-restricted/evidence/smoke/s18-tenant-a-case-list.json	c32f3c1a99d84444847fa51e737016fe15e4789e3d2c4805d0d667b47a87ce26	320eab5c0828b4bc285dfcd17ef389c01a1168b520ca02f95406c3a29010b18e	CRLF_TO_LF	84101	82652
gm-ai-boxghost/tracks/GM-EXPENSES-RELEASE-READINESS/evidence/SHARED-DEV-DEPLOYMENT-18-2026-09-17/recovered-from-restricted/evidence/smoke/s18-zero-tenant-case-detail.json	c647c0a575ce54cec27b7ceeec8284fa55e6322c204bbae8937df025821a5b5c	ada32b80cfc50dc7d95bcfe89f4dd52a4dde12054aae866bc5b1a751d0627e6f	CRLF_TO_LF	2134	2133
gm-ai-boxghost/tracks/GM-EXPENSES-RELEASE-READINESS/evidence/SHARED-DEV-DEPLOYMENT-18-2026-09-17/recovered-from-restricted/evidence/smoke/s18-zero-tenant-period-summary.json	6e6cc8df5e202a9e7f3c28b01366b088dbe7ea553c49fe4073506a9f50e5cde2	36ad5ec712bcf8fc98112ce5a6d3a1789e33ea75e72ddd74b2a7e71493134253	CRLF_TO_LF	181	180
gm-ai-boxghost/tracks/GM-EXPENSES-RELEASE-READINESS/evidence/SHARED-DEV-DEPLOYMENT-18-2026-09-17/recovered-from-restricted/evidence/smoke/s18-zero-tenant-related-funding.json	6f52266558cff32629ce1ecd7f14b3cb65bdb54e4731ad6c28654fe832e92a40	9f621e0d4e21069c3433ffc9f17760494796630c790453450621d42d52800dee	CRLF_TO_LF	238	227
gm-ai-boxghost/tracks/GM-EXPENSES-RELEASE-READINESS/evidence/SHARED-DEV-DEPLOYMENT-18-2026-09-17/recovered-from-restricted/evidence/tooling/s18-deploy-smoke.ps1	e4fe681a993c633575d42c1bf0b5686ca90ec4e1dc27294af8be8205242d3970	82d67a542d3a0a7cd60da2a7a67d15a6b9a0aa73a942d7527a22188dfc82ba46	CRLF_TO_LF	34683	34380
