relative_path	bytes	generated_password_line	password_value	credential_env	password_hash	jwt	cookie_value	url_credentials	private_key	email_example_test	email_other	owner_business_data
evidence/build/logs/gm-entities.log	3019	0	0	0	0	0	0	0	0	0	0	0
evidence/build/logs/gm-expenses.log	24024	0	0	0	0	0	0	0	0	0	0	0
evidence/build/logs/gm-fleets.log	2979	0	0	0	0	0	0	0	0	0	0	0
evidence/build/logs/gm-fuel-stations.log	3120	0	0	0	0	0	0	0	0	0	0	0
evidence/build/logs/gm-human-resources.log	3158	0	0	0	0	0	0	0	0	0	0	0
evidence/build/logs/gm-organizations.log	3118	0	0	0	0	0	0	0	0	0	0	0
evidence/build/logs/gm-security.log	3925	0	0	0	0	0	0	0	0	0	0	0
evidence/build/logs/host.log	5541	0	0	0	0	0	0	0	0	0	0	0
evidence/build/logs/image-build.log	2047	0	0	0	0	0	0	0	0	0	0	0
evidence/db/post-audit.txt	43	0	0	0	0	0	0	0	0	0	0	0
evidence/db/post-columns.txt	9063	0	0	0	0	0	0	0	0	0	0	0
evidence/db/post-constraints.txt	43411	0	0	0	0	0	0	0	0	0	0	0
evidence/db/post-counts.txt	2363	0	0	0	0	0	0	0	0	0	0	0
evidence/db/post-expenses-columns.json	7819	0	0	0	0	0	0	0	0	0	0	0
evidence/db/post-expenses-crc.txt	639	0	0	0	0	0	0	0	0	0	0	0
evidence/db/post-flyway-history.txt	3133	0	0	0	0	0	0	0	0	0	0	0
evidence/db/post-flyway.txt	39	0	0	0	0	0	0	0	0	0	0	0
evidence/db/post-identity.txt	70	0	0	0	0	0	0	0	0	0	0	0
evidence/db/post-legacy.txt	2887	0	0	0	0	0	0	0	0	0	0	0
evidence/db/post-migration-results.txt	3951	0	0	0	0	0	0	0	0	0	0	0
evidence/db/post-routines.txt	0	0	0	0	0	0	0	0	0	0	0	0
evidence/db/post-triggers.txt	4515	0	0	0	0	0	0	0	0	0	0	0
evidence/db/postsmoke-audit.txt	43	0	0	0	0	0	0	0	0	0	0	0
evidence/db/postsmoke-columns.txt	9063	0	0	0	0	0	0	0	0	0	0	0
evidence/db/postsmoke-constraints.txt	43411	0	0	0	0	0	0	0	0	0	0	0
evidence/db/postsmoke-counts.txt	2365	0	0	0	0	0	0	0	0	0	0	0
evidence/db/postsmoke-expenses-columns.json	7819	0	0	0	0	0	0	0	0	0	0	0
evidence/db/postsmoke-expenses-crc.txt	646	0	0	0	0	0	0	0	0	0	0	0
evidence/db/postsmoke-flyway-history.txt	3133	0	0	0	0	0	0	0	0	0	0	0
evidence/db/postsmoke-flyway.txt	39	0	0	0	0	0	0	0	0	0	0	0
evidence/db/postsmoke-identity.txt	70	0	0	0	0	0	0	0	0	0	0	0
evidence/db/postsmoke-legacy.txt	3702	0	0	0	0	0	0	0	0	0	0	0
evidence/db/postsmoke-routines.txt	0	0	0	0	0	0	0	0	0	0	0	0
evidence/db/postsmoke-triggers.txt	4515	0	0	0	0	0	0	0	0	0	0	0
evidence/db/pre-audit.txt	43	0	0	0	0	0	0	0	0	0	0	0
evidence/db/pre-columns.txt	8618	0	0	0	0	0	0	0	0	0	0	0
evidence/db/pre-constraints.txt	38355	0	0	0	0	0	0	0	0	0	0	0
evidence/db/pre-counts.txt	2231	0	0	0	0	0	0	0	0	0	0	0
evidence/db/pre-expenses-columns.json	7755	0	0	0	0	0	0	0	0	0	0	0
evidence/db/pre-expenses-crc.txt	639	0	0	0	0	0	0	0	0	0	0	0
evidence/db/pre-flyway-history.txt	1843	0	0	0	0	0	0	0	0	0	0	0
evidence/db/pre-flyway.txt	39	0	0	0	0	0	0	0	0	0	0	0
evidence/db/pre-identity.txt	70	0	0	0	0	0	0	0	0	0	0	0
evidence/db/pre-legacy.txt	2887	0	0	0	0	0	0	0	0	0	0	0
evidence/db/pre-routines.txt	0	0	0	0	0	0	0	0	0	0	0	0
evidence/db/pre-triggers.txt	4050	0	0	0	0	0	0	0	0	0	0	0
evidence/db/restore-audit.txt	43	0	0	0	0	0	0	0	0	0	0	0
evidence/db/restore-columns.txt	8618	0	0	0	0	0	0	0	0	0	0	0
evidence/db/restore-constraints.txt	38355	0	0	0	0	0	0	0	0	0	0	0
evidence/db/restore-counts.txt	2231	0	0	0	0	0	0	0	0	0	0	0
evidence/db/restore-expenses-columns.json	7755	0	0	0	0	0	0	0	0	0	0	0
evidence/db/restore-expenses-crc.txt	639	0	0	0	0	0	0	0	0	0	0	0
evidence/db/restore-flyway-history.txt	1843	0	0	0	0	0	0	0	0	0	0	0
evidence/db/restore-flyway.txt	39	0	0	0	0	0	0	0	0	0	0	0
evidence/db/restore-identity.txt	78	0	0	0	0	0	0	0	0	0	0	0
evidence/db/restore-legacy.txt	2887	0	0	0	0	0	0	0	0	0	0	0
evidence/db/restore-routines.txt	0	0	0	0	0	0	0	0	0	0	0	0
evidence/db/restore-triggers.txt	4050	0	0	0	0	0	0	0	0	0	0	0
evidence/deploy/compose.deploy18.yaml	85	0	0	0	0	0	0	0	0	0	0	0
evidence/deploy/migration-container.log	10525	0	0	0	0	0	0	0	0	0	0	0
evidence/deploy/migration-run.out.txt	156	0	0	0	0	0	0	0	0	0	0	0
evidence/deploy/official-backend-after-smoke.log	4848	0	0	0	0	0	0	0	0	0	0	0
evidence/deploy/official-backend-start.log	3216	0	0	0	0	0	0	0	0	0	0	0
evidence/deploy/official-up.out.txt	164	0	0	0	0	0	0	0	0	0	0	0
evidence/deploy/old-backend-container-nonsecret.json	1978	0	0	0	0	0	0	0	0	0	0	0
evidence/evidence/DEPLOYMENT_18_RECORD.md	8995	0	0	0	0	0	0	0	0	0	0	0
evidence/evidence/artifact-proof.txt	3749	0	0	0	0	0	0	0	0	0	0	0
evidence/evidence/backup-verify.txt	846	0	0	0	0	0	0	0	0	0	0	0
evidence/evidence/backup.txt	703	0	0	0	0	0	0	0	0	0	0	0
evidence/evidence/migration.txt	8671	0	0	0	0	0	0	0	0	0	0	0
evidence/evidence/post-smoke.txt	4184	0	0	0	0	0	0	0	0	3	0	0
evidence/precheck/backup-file.txt	144	0	0	0	0	0	0	0	0	0	0	0
evidence/precheck/mysqldump.stderr.txt	0	0	0	0	0	0	0	0	0	0	0	0
evidence/precheck/restore.out.txt	0	0	0	0	0	0	0	0	0	0	0	0
evidence/precheck/server-facts.txt	438	0	0	0	0	0	0	0	0	0	0	0
evidence/precheck/verify-container-id.txt	65	0	0	0	0	0	0	0	0	0	0	0
evidence/precheck/writer-investigation.txt	659	0	0	0	0	0	0	0	0	0	0	0
evidence/precheck/writer-sample-1.txt	600	0	0	0	0	0	0	0	0	0	0	0
evidence/smoke/s18-runtime-smoke-results.txt	5554	0	0	0	0	0	0	0	0	0	0	0
evidence/smoke/s18-smoke-ids.json	2328	0	0	0	0	0	0	0	0	4	0	1
evidence/smoke/s18-tenant-a-case-list.json	84101	0	0	0	0	0	0	0	0	0	0	1
evidence/smoke/s18-zero-tenant-case-detail.json	2134	0	0	0	0	0	0	0	0	0	0	0
evidence/smoke/s18-zero-tenant-period-summary.json	181	0	0	0	0	0	0	0	0	0	0	0
evidence/smoke/s18-zero-tenant-related-funding.json	238	0	0	0	0	0	0	0	0	0	0	0
evidence/tooling/build_export-commits.txt	491	0	0	0	0	0	0	0	0	0	0	0
evidence/tooling/build_image_Dockerfile	1006	0	0	0	0	0	0	0	0	0	0	0
evidence/tooling/s18-backup-verify.sh	2054	0	0	0	0	0	0	0	0	0	0	0
evidence/tooling/s18-backup.sh	2754	0	0	0	0	0	0	0	0	0	0	0
evidence/tooling/s18-deploy-smoke.ps1	34683	0	1	0	0	0	0	0	0	0	0	1
evidence/tooling/s18-migrate.sh	4671	0	0	0	0	0	0	0	0	0	0	0
evidence/tooling/s18_artifact_proof.py	8279	0	0	0	0	0	0	0	0	0	0	0
evidence/tooling/s18_db.py	18328	0	0	0	0	0	0	0	0	0	0	0
evidence/tooling/s18_export_proof.py	4135	0	0	0	0	0	0	0	0	0	0	0
evidence/tooling/s18_image_context.py	2263	0	0	0	0	0	0	0	0	0	0	0
evidence/tooling/s18_make_smoke.py	6951	0	0	0	0	0	0	0	0	0	0	0
evidence/tooling/s18_post_smoke.py	4848	0	0	0	0	0	0	0	0	1	0	0
